price_range;Brand;Model;RAM;Storage;Color
médio;Samsung;Galaxy M23;4;128;Blue
baixo;Motorola;Moto G13;4;128;Blue
médio;Xiaomi;Redmi Note 11S;6;128;Gray
alto;Nothing;Phone (2);12;512;White
baixo;Motorola;Moto E32s;4;64;Gray
alto;Nothing;Phone (2);12;256;White
médio;Realme;9 Pro;8;128;Black
médio;Samsung;Galaxy M23;4;128;Green
médio;POCO;M4;6;128;Black
baixo;Realme;C31;4;64;Silver
médio;Xiaomi;Redmi Note 12;4;128;Gray
muito alto;Apple;iPhone 14;6;128;Black
baixo;Samsung;Galaxy M13;4;64;Green
baixo;Xiaomi;Redmi 10C;4;64;Gray
baixo;Realme;Narzo 50i;3;32;Blue
médio;Xiaomi;Redmi Note 11;4;128;Gray
baixo;Realme;C53;6;128;Gold
muito alto;Apple;iPhone 14;6;256;Black
baixo;Motorola;Moto E20;2;32;Gray
médio;Realme;10 AMOLED;8;128;Black
médio;Samsung;Galaxy M53;8;128;Brown
médio;Realme;10 AMOLED;8;128;White
baixo;Realme;C53;6;128;Black
alto;Realme;11 Pro;12;512;White
médio;POCO;M4;6;128;Blue
baixo;Xiaomi;Redmi Note 12;4;128;Green
médio;Samsung;Galaxy M33;6;128;Blue
muito alto;Apple;iPhone 14;6;128;Gold
baixo;Realme;C31;4;64;Green
médio;Xiaomi;Redmi Note 12;4;128;Blue
baixo;Xiaomi;Redmi 10C;4;128;Blue
alto;Realme;11 Pro;12;512;Black
médio;Motorola;Moto G23;8;128;Gray
baixo;Realme;C33;4;128;Black
baixo;Realme;Narzo 50A;4;64;Blue
baixo;Xiaomi;Redmi 9C;3;64;Green
baixo;Xiaomi;Redmi A1;2;32;Black
médio;Motorola;Moto G32;6;128;Silver
alto;Nothing;Phone (2);12;256;Gray
médio;Samsung;Galaxy A54;8;128;Black
baixo;Xiaomi;Redmi A1;2;32;Blue
baixo;Xiaomi;Redmi A1;2;32;Green
baixo;Xiaomi;Redmi 12C;4;128;Gray
baixo;Xiaomi;Redmi 10A;2;32;Gray
médio;Realme;9;6;128;Black
médio;Xiaomi;Redmi Note 12;4;128;Green
alto;Realme;GT2;8;128;White
baixo;Motorola;Moto G13;4;128;Gray
baixo;Xiaomi;Redmi 10A;4;128;Gray
baixo;Realme;Narzo 50A;4;64;Black
baixo;Realme;C30;3;32;Blue
baixo;Motorola;Moto E13;2;64;Black
alto;Motorola;Edge 30;12;256;Gray
baixo;Xiaomi;Redmi 10A;3;64;Gray
baixo;Realme;C30;3;32;Green
baixo;Xiaomi;Redmi 12C;3;64;Gray
médio;Xiaomi;Redmi Note 12;8;128;Blue
alto;Realme;GT Neo 3;12;256;White
médio;Realme;9;4;128;White
baixo;Realme;C33;4;128;Gold
baixo;POCO;C40;4;64;Yellow
muito alto;Apple;iPhone 14;6;256;Gold
alto;Realme;GT2;12;256;White
muito alto;Apple;iPhone 14;6;256;Silver
muito alto;Apple;iPhone 14;6;128;White
alto;Nothing;Phone (2);12;512;Gray
médio;Samsung;Galaxy M53;8;128;Blue
médio;Samsung;Galaxy M53;8;128;Green
médio;OPPO;Reno8;8;128;Orange
médio;POCO;M4;6;128;Yellow
baixo;Xiaomi;Redmi 12C;4;128;Blue
médio;Motorola;Moto G32;6;128;Gray
alto;Apple;iPhone 12;4;128;Black
médio;Samsung;Galaxy M33;6;128;Brown
baixo;Alcatel;1 (2021);1;16;Blue
baixo;Alcatel;1 (2021);1;16;Black
médio;OPPO;Reno8;8;128;Black
médio;POCO;X5 Pro;6;128;Black
médio;Realme;GT Neo 3T;8;128;White
baixo;Xiaomi;Redmi 12C;3;64;Green
alto;Apple;iPhone 11;4;64;Black
alto;Apple;iPhone 11;4;64;White
muito alto;Apple;iPhone 14;6;256;Purple
muito alto;Samsung;Galaxy Z Flip4;8;256;Pink
médio;Samsung;Galaxy M33;6;128;Green
baixo;OPPO;A17;4;64;Black
alto;Samsung;Galaxy S22;6;256;Black
muito alto;Apple;iPhone 14;6;128;Purple
muito alto;Apple;iPhone 14;6;128;Blue
baixo;Samsung;Galaxy M13;4;64;Blue
baixo;Alcatel;1B 2022;2;32;Black
muito alto;Samsung;Galaxy S23;6;512;Black
médio;Samsung;Galaxy A54;8;128;Purple
muito alto;Apple;iPhone 14;6;256;Red
baixo;Xiaomi;Redmi 12C;4;128;Green
médio;POCO;M5s;4;128;Black
alto;Xiaomi;12T;8;256;Blue
muito alto;Apple;iPhone 14;6;512;Black
baixo;Xiaomi;Redmi 12;4;128;Blue
alto;Apple;iPhone 12;4;64;White
médio;Vivo;Y22s;6;128;Blue
muito alto;Samsung;Galaxy S23;6;256;Black
médio;Samsung;Galaxy M23;4;128;Gold
médio;Samsung;Galaxy A33;6;128;Black
médio;Vivo;Y22s;6;128;Turquoise
médio;Xiaomi;13;8;128;Black
baixo;Alcatel;1B 2022;2;32;Blue
alto;Apple;iPhone 13;4;128;White
médio;Samsung;Galaxy A34;6;128;Silver
alto;Vivo;X60 Pro;12;256;Black
alto;Nothing;Phone (1);12;256;Black
baixo;ZTE;Blade A52;2;64;Blue
alto;Samsung;Galaxy A54;8;256;Purple
alto;Samsung;Galaxy S21;8;256;Gray
baixo;Xiaomi;Redmi 10C;4;128;Gray
baixo;Xiaomi;Redmi 12;4;128;Black
alto;Samsung;Galaxy A54;8;256;White
médio;OPPO;A78;8;128;Blue
muito alto;Samsung;Galaxy S23;6;512;Green
médio;Xiaomi;Redmi Note 11;4;128;Blue
médio;Samsung;Galaxy A34;6;128;Green
muito alto;Apple;iPhone 14;6;256;Blue
baixo;Samsung;Galaxy A14;4;64;Black
médio;Samsung;Galaxy A23;4;128;Black
baixo;Samsung;Galaxy A14;4;64;Silver
muito alto;Xiaomi;12;8;256;Blue
médio;POCO;X5 Pro;6;128;Yellow
muito alto;Apple;iPhone 14;6;512;Silver
muito alto;Apple;iPhone 14;6;512;Purple
alto;Samsung;Galaxy S23;6;128;Black
alto;Samsung;Galaxy A54;8;256;Black
alto;Apple;iPhone 13;4;128;Pink
médio;Vivo;Y76;8;128;Blue
médio;Vivo;Y76;8;128;Black
médio;POCO;M5;4;128;Black
baixo;POCO;C40;3;32;Yellow
médio;Realme;Narzo 50;4;128;Blue
muito alto;Apple;iPhone 13;4;256;Red
alto;Xiaomi;12T;8;256;Black
médio;OPPO;A78;8;128;Black
alto;Samsung;Galaxy A54;8;256;Green
alto;Apple;iPhone 13;4;128;Black
alto;Apple;iPhone 12;4;256;Blue
médio;POCO;X5 Pro;6;128;Blue
alto;Apple;iPhone 13;4;128;Blue
médio;Xiaomi;Redmi Note 12;8;128;Black
médio;Samsung;Galaxy A54;8;128;Green
alto;Xiaomi;12;8;256;Gray
muito alto;Apple;iPhone 13;4;256;Pink
baixo;ZTE;Blade A52;2;64;Gray
muito alto;Apple;iPhone 14;6;512;Blue
baixo;Vivo;Y16;4;128;Black
alto;Samsung;Galaxy S22;6;256;Green
baixo;Vivo;Y16;4;128;Gold
alto;Apple;iPhone 12;4;256;Silver
médio;Xiaomi;Redmi 10;4;128;Gray
alto;Motorola;Razr 40;8;256;Gold
baixo;Xiaomi;Redmi 9A;2;32;Gray
médio;Samsung;Galaxy A54;8;128;White
baixo;ZTE;Blade A72;3;64;Gray
médio;Xiaomi;Redmi Note 11;6;128;Gray
alto;Realme;GT2;12;256;Black
alto;Samsung;Galaxy S23;6;256;White
muito alto;Samsung;Galaxy S23;6;256;White
médio;OnePlus;Nord CE 3;8;128;Green
muito alto;Samsung;Galaxy S23;6;512;White
baixo;Samsung;Galaxy A14;4;64;Green
baixo;OPPO;A57s;4;128;Blue
baixo;TCL;20 R;4;64;Blue
médio;Xiaomi;Redmi Note 12;6;128;Blue
muito alto;Samsung;Galaxy Z Flip4;8;256;Gray
baixo;CAT;S42H+;3;32;Black
muito alto;Apple;iPhone 14;6;256;White
médio;Samsung;Galaxy A53;6;128;Black
médio;POCO;X5;6;128;Black
alto;Nothing;Phone (1);12;256;White
médio;Vivo;V21 5G;8;128;Blue
baixo;POCO;M5;4;64;Black
médio;Vivo;V21 5G;8;128;Yellow
muito alto;Apple;iPhone 14;6;512;Gold
muito alto;Xiaomi;13;8;256;Black
muito alto;Apple;iPhone 14;6;128;Red
baixo;SPC;Smart Ultimate;3;32;Black
alto;Samsung;Galaxy S23;6;128;Purple
alto;Motorola;Edge 40;12;256;Gold
muito alto;Samsung;Galaxy S23;6;256;Green
médio;OnePlus;Nord CE 2;6;128;Black
baixo;Xiaomi;Redmi 9C;3;64;Gray
médio;Samsung;Galaxy A34;6;128;Purple
médio;Samsung;Galaxy M13;4;128;Green
baixo;Samsung;Galaxy A14;4;128;Black
baixo;Apple;iPhone 8;2;64;Gray
médio;OPPO;Reno8;8;128;Rainbow
baixo;TCL;408;4;64;Gray
médio;Samsung;Galaxy A34;6;128;Black
alto;Apple;iPhone 12;4;128;Blue
baixo;TCL;403;2;32;Purple
médio;Samsung;Galaxy A14;4;128;Black
médio;Xiaomi;Note 12S;6;128;Black
alto;Apple;iPhone 12;4;128;White
muito alto;Samsung;Galaxy S22;12;256;White
muito alto;Apple;iPhone 13;4;256;White
médio;Xiaomi;Redmi Note 12;6;128;Gray
alto;Motorola;Edge 30;8;128;Black
muito alto;Apple;iPhone 13;4;512;Red
médio;OPPO;A74;6;128;Black
médio;Google;Pixel 6A;6;128;Black
baixo;ZTE;Blade A72;3;64;Blue
muito alto;Apple;iPhone 13;4;128;Blue
muito alto;OPPO;X5;8;256;Black
baixo;OPPO;A57s;4;128;Black
médio;Realme;GT Neo 3T;8;128;Black
médio;Samsung;Galaxy A14;4;128;Silver
médio;Apple;iPhone 11;4;128;Black
médio;Apple;iPhone 11;4;128;Red
médio;Xiaomi;Redmi Note 12;6;128;White
médio;Realme;Narzo 50;4;128;Black
baixo;OPPO;A17;4;64;Blue
médio;Apple;iPhone XR;3;128;Black
médio;Samsung;Galaxy M13;4;128;Blue
baixo;Xiaomi;Redmi 12;4;128;Silver
alto;Google;Pixel 7;8;128;Green
alto;Apple;iPhone 13;4;128;Red
baixo;Xiaomi;Redmi 9AT;2;32;Green
alto;Motorola;Edge 40;8;256;Pink
muito alto;Apple;iPhone 14;6;128;Silver
alto;Samsung;Galaxy S23;6;128;Green
alto;Xiaomi;Shark 5;8;128;White
médio;Motorola;Moto G23;8;128;White
baixo;Samsung;Galaxy A14;4;128;Green
alto;Apple;iPhone SE;3;128;White
médio;POCO;X5;6;128;Green
muito alto;Samsung;Galaxy S23;6;256;Purple
baixo;Samsung;Galaxy A14;4;128;Silver
alto;Apple;iPhone 12;4;128;Red
alto;POCO;F5;12;256;Black
alto;Samsung;Galaxy S23;6;128;White
baixo;Realme;Narzo 50i;3;32;Green
muito alto;Apple;iPhone 14;6;512;Red
muito alto;Motorola;Razr 40;8;256;Gold
baixo;OPPO;A78;4;128;Black
baixo;TCL;305i;2;64;Blue
baixo;TCL;40 SE;4;128;Purple
baixo;TCL;408;4;64;Blue
médio;POCO;F4;6;128;Black
muito alto;Samsung;Galaxy S23;6;512;Purple
baixo;Xiaomi;Redmi Note 11;6;128;Blue
médio;Xiaomi;Redmi Note 12;6;128;Green
muito alto;Apple;iPhone 12;4;256;Blue
baixo;TCL;40 SE;4;128;Gray
alto;OPPO;Reno10;12;256;Purple
médio;Samsung;Galaxy A23;4;128;Blue
alto;Apple;iPhone 12;4;128;Green
muito alto;Apple;iPhone 12;4;256;Red
alto;OPPO;Reno10;12;256;Gray
muito alto;OPPO;X5 Pro;12;256;White
baixo;ZTE;Blade V40 Vita;4;128;Black
médio;Samsung;Galaxy S20;6;128;Blue
alto;Apple;iPhone 12;4;64;Blue
baixo;Xiaomi;Redmi A2;2;32;Green
baixo;Samsung;Galaxy A04s;3;32;Black
baixo;TCL;405;2;32;Blue
alto;Apple;iPhone 12;4;256;Black
médio;Samsung;Galaxy A52s;6;128;Black
muito alto;Apple;iPhone 13;4;512;Green
muito alto;Samsung;Galaxy S22;12;256;Black
médio;POCO;X5;6;128;Blue
alto;Apple;iPhone 12;4;128;Purple
médio;OPPO;A57s;4;128;Black
alto;Apple;iPhone 12;4;128;Silver
baixo;Xiaomi;Redmi 10C;3;64;Gray
baixo;POCO;M5;4;64;Yellow
alto;Apple;iPhone 12;4;128;Gold
muito alto;Apple;iPhone 14;6;128;Yellow
baixo;Xiaomi;Redmi 10;4;128;Gray
alto;Xiaomi;12T;12;256;Blue
alto;Apple;iPhone 12;4;64;Green
alto;Samsung;Galaxy S22;12;256;Green
alto;Samsung;Galaxy S22;8;128;Black
muito alto;Apple;iPhone 13;4;256;Black
alto;Realme;GT2;8;128;Black
muito alto;Samsung;Galaxy Z Fold4;12;256;Black
médio;Xiaomi;Redmi Note 11S;6;128;Blue
muito alto;Xiaomi;12;12;256;Blue
médio;POCO;M5;4;128;Green
muito alto;Samsung;Galaxy S23;6;128;Black
alto;Apple;iPhone 13;4;128;Green
baixo;ZTE;Blade V40 Vita;4;128;Green
alto;Samsung;Galaxy S21;6;128;Black
baixo;TCL;30 SE;4;128;Blue
médio;Xiaomi;Note 12S;6;128;Green
médio;Xiaomi;Redmi Note 10;6;128;Blue
muito alto;Apple;iPhone 13;4;128;Gold
baixo;TCL;30;4;64;Black
baixo;TCL;305i;2;64;Black
médio;POCO;M5s;4;128;White
baixo;Xiaomi;Redmi 9A;2;32;Green
alto;Samsung;Galaxy S20;6;128;Blue
alto;Samsung;Galaxy S22;8;128;Red
baixo;Xiaomi;Redmi 10A;3;64;Blue
baixo;POCO;C40;3;32;Green
alto;Samsung;Galaxy Note 20;12;256;Bronze
baixo;Xiaomi;Redmi 12C;3;64;Blue
baixo;Xiaomi;Redmi Go;6;16;Black
baixo;Ulefone;Armor X10;4;64;Black
baixo;TCL;30;4;64;Blue
muito alto;Apple;iPhone 14;6;512;White
médio;Realme;GT Master Edition;6;128;White
baixo;Samsung;Galaxy A20e;3;32;Black
baixo;TCL;30E;3;64;Gray
muito alto;Motorola;Razr 40;8;256;Pink
alto;Samsung;Galaxy S22;6;256;Pink
alto;Xiaomi;Shark 5;12;256;Black
médio;Motorola;Edge 30;8;128;Black
alto;Samsung;Galaxy Note 10;6;256;Purple
baixo;ZTE;Blade A31;6;32;Blue
baixo;TCL;405;2;32;Gray
médio;Xiaomi;X3;6;128;Bronze
muito alto;Samsung;Galaxy Z Fold4;12;512;Black
médio;OPPO;Reno6;8;128;Black
médio;Apple;iPhone XR;3;128;Red
muito alto;OPPO;X3;12;256;Black
baixo;Xiaomi;Redmi 10A;3;64;Silver
médio;Samsung;Galaxy A32;4;128;Black
médio;Realme;9;4;128;Black
alto;Apple;iPhone 12;4;256;Red
alto;Google;Pixel 7;8;128;White
muito alto;Apple;iPhone 13;4;256;Blue
alto;Samsung;Galaxy S23;6;256;Purple
médio;Xiaomi;Redmi Note 12;6;128;Black
muito alto;Apple;iPhone 12;4;256;Purple
médio;OnePlus;Nord N10;6;128;Blue
baixo;Apple;iPhone 7;2;32;Black
alto;Xiaomi;13;8;256;Green
baixo;Xiaomi;Redmi 10C;3;64;Green
alto;Apple;iPhone 12;4;64;Red
muito alto;Samsung;Galaxy S20;12;128;Black
alto;CAT;S62;6;128;Black
alto;Xiaomi;11T Pro;8;256;Blue
médio;Realme;9i;4;128;Blue
médio;Xiaomi;11T;8;128;Blue
muito alto;Samsung;Galaxy S21;6;128;Purple
médio;Samsung;Galaxy A14;4;128;Green
alto;Samsung;Galaxy S10;8;128;Black
baixo;Nokia;G21;4;128;Blue
baixo;Xiaomi;Redmi Note 11;4;64;Gray
muito alto;Apple;iPhone 13;4;256;Gold
baixo;Xiaomi;Redmi 10C;4;128;Green
muito alto;Apple;iPhone 13;4;256;Green
alto;Samsung;Galaxy S21;6;128;Green
alto;Apple;iPhone SE;3;256;Red
baixo;Xiaomi;Redmi A2;2;32;Blue
muito alto;Apple;iPhone 13;4;512;Pink
muito alto;Apple;iPhone 14;6;1000;Silver
alto;Apple;11 Pro;4;256;Green
muito alto;Samsung;Galaxy Z Fold4;12;256;White
muito alto;Xiaomi;13;12;256;Black
alto;Samsung;Galaxy S22;8;128;White
médio;Xiaomi;Mi 11;8;128;Gray
alto;Samsung;Galaxy Z Flip3;8;256;Black
muito alto;Apple;iPhone 14;6;1000;Gold
médio;Honor;Magic 4;6;128;Blue
alto;OPPO;Reno8;8;256;Black
médio;Realme;8I;4;128;Black
médio;Xiaomi;11 Lite;8;128;Pink
muito alto;Apple;iPhone 13;4;128;Silver
baixo;Samsung;Galaxy M13;4;64;Orange
médio;Xiaomi;11 Pro;6;128;Blue
alto;Xiaomi;12;12;256;Gray
alto;Apple;iPhone SE;3;256;White
médio;OPPO;A57s;4;128;Blue
médio;Xiaomi;11 Pro;8;128;Gray
baixo;Motorola;Moto E22;4;64;Black
baixo;OPPO;A96;8;128;Black
muito alto;Samsung;Galaxy Z Flip4;8;128;Gray
alto;Apple;iPhone 12;4;64;Black
alto;Apple;iPhone 13;4;256;Blue
baixo;Xiaomi;Redmi 10;4;128;Blue
alto;Xiaomi;Shark 5;8;128;Black
médio;TCL;30;4;128;Blue
muito alto;Apple;iPhone 13;4;512;Blue
baixo;OPPO;A54s;4;128;Black
médio;OPPO;X3;8;128;Black
baixo;Xiaomi;Redmi 9C;4;128;Gray
muito alto;OPPO;X5 Pro;12;256;Black
alto;Apple;11 Pro;4;256;Gray
alto;Huawei;P30;8;128;Black
alto;Samsung;Galaxy Note 10;6;256;White
médio;Samsung;Galaxy A50;4;128;Black
baixo;ZTE;Blade A31;6;32;Gray
baixo;ZTE;Blade A52;2;32;Gray
baixo;Ulefone;Armor X9;4;64;Red
baixo;Xiaomi;Redmi Note 11;4;64;Blue
alto;OPPO;Reno6;12;256;Blue
baixo;Xiaomi;Redmi 10;4;64;Blue
médio;Xiaomi;Redmi Note 10;8;128;Blue
médio;Google;Pixel 6A;6;128;Green
baixo;OPPO;A16s;4;64;Black
baixo;Samsung;Galaxy A13;3;32;Blue
médio;Samsung;Galaxy A53;6;128;Orange
médio;Xiaomi;12;8;128;Green
muito alto;OPPO;X5;8;256;White
baixo;Xiaomi;Redmi 12C;3;32;Green
alto;Apple;11 Pro;4;256;Silver
médio;Samsung;Galaxy Note 10;6;128;Black
médio;Xiaomi;Redmi Note 9T;4;128;Black
médio;Xiaomi;11T;8;128;Gray
baixo;Xiaomi;Mi 8;6;4;Black
alto;Realme;GT Neo 2;12;256;Black
baixo;Samsung;Galaxy A13;4;128;Black
médio;Samsung;Galaxy A33;6;128;Blue
baixo;Xiaomi;Redmi 10;4;128;Green
baixo;Samsung;Galaxy A41;4;64;Black
médio;Samsung;Galaxy S10;8;128;Green
alto;Apple;iPhone 11;4;64;Purple
alto;POCO;F5;8;256;Black
baixo;Motorola;Moto G52;6;128;Gold
médio;OPPO;A74;6;128;Silver
muito alto;Samsung;Galaxy S23;6;1000;Black
alto;Apple;iPhone 12;4;64;Purple
muito alto;Xiaomi;13;8;256;White
alto;Apple;iPhone 13;4;256;Pink
médio;Apple;iPhone 11;4;128;White
muito alto;Apple;iPhone 14;6;1000;Purple
baixo;Motorola;Moto G62;4;128;Gray
alto;Apple;iPhone 11;4;128;Green
médio;Samsung;Galaxy A53;6;128;Blue
médio;Samsung;Galaxy A52;6;128;Black
muito alto;Samsung;Galaxy Z Fold4;12;512;Green
baixo;Samsung;Galaxy A13;4;64;Black
baixo;TCL;305i;2;32;Black
baixo;Xiaomi;Redmi 10C;3;64;Blue
alto;Samsung;Galaxy S21;6;128;Gray
alto;Samsung;Galaxy S20;8;256;Blue
muito alto;Xiaomi;13;12;256;White
alto;Samsung;Galaxy S21;8;256;Purple
alto;Samsung;Galaxy Note 20;12;256;Black
baixo;Xiaomi;Redmi 9C;2;32;Gray
médio;Google;Pixel 4a;6;128;Black
médio;OPPO;A76;4;128;Black
baixo;Samsung;Galaxy A13;4;128;Blue
muito alto;Apple;iPhone 13;4;512;White
alto;Apple;iPhone 13;4;256;Green
alto;Realme;GT Neo 3;12;256;Blue
alto;Honor;70;8;256;Green
muito alto;Apple;iPhone 14;6;256;Yellow
baixo;Apple;iPhone 8;2;64;Gold
baixo;Apple;iPhone 8;2;64;Silver
baixo;POCO;M4;4;64;Blue
médio;Samsung;Galaxy S21;6;128;Gray
alto;Apple;iPhone 11;4;64;Red
médio;Realme;GT Master Edition;6;128;Black
muito alto;Samsung;Galaxy S20;8;128;Black
médio;Honor;Magic5;6;128;Green
alto;Samsung;S10+;6;128;White
médio;POCO;M5;4;128;Yellow
alto;Apple;iPhone 12;4;256;Gold
alto;Samsung;Galaxy S20;6;128;Red
médio;Xiaomi;Note 10S;6;128;Gray
muito alto;Google;Pixel 6;12;128;Black
alto;OPPO;Reno8;8;256;Green
baixo;Xiaomi;Redmi Note 11S;4;128;Black
baixo;POCO;M4;4;64;Black
alto;OPPO;X3;12;256;Black
muito alto;Samsung;Galaxy Z Fold4;12;256;Green
médio;Xiaomi;Redmi 10;4;128;White
alto;Huawei;P40;8;256;Black
baixo;Xiaomi;Redmi A2;2;32;Black
médio;Realme;C35;4;128;Green
médio;Motorola;Edge 30;8;128;Silver
alto;POCO;F5;8;256;White
médio;Samsung;Galaxy A53;6;128;White
médio;Xiaomi;Redmi Note 10;6;128;Gray
baixo;Apple;iPhone 7;2;128;Black
médio;Xiaomi;X3;6;128;Blue
alto;Samsung;Galaxy S22;8;256;Black
baixo;POCO;C40;4;64;Black
baixo;Xiaomi;Redmi 9A;2;32;Blue
muito alto;OnePlus;8;12;256;Blue
baixo;POCO;C40;3;32;Black
baixo;Apple;iPhone 7;2;128;Red
alto;Samsung;Galaxy S21;6;128;Purple
médio;Xiaomi;Mi 11i;8;128;Black
alto;Apple;11 Pro;4;64;Silver
médio;Honor;X8a;6;128;Turquoise
alto;POCO;F4;12;256;Silver
muito alto;Samsung;Galaxy S21;6;256;Gray
médio;Honor;X7;4;128;Black
médio;Realme;9 Pro;8;128;Green
muito alto;Apple;iPhone 13;4;512;Black
baixo;Samsung;Galaxy A13;3;32;Black
baixo;Xiaomi;9T;4;64;Blue
baixo;Xiaomi;Redmi 9AT;2;32;Gray
alto;OnePlus;Nord;12;256;Gray
baixo;Xiaomi;Redmi 12C;3;32;Blue
alto;Google;Pixel 6;8;128;Black
muito alto;Samsung;Galaxy Z Fold3;6;256;Black
alto;Apple;iPhone 12;4;512;Silver
médio;Xiaomi;11 Lite;8;128;Green
médio;Samsung;Galaxy A22;4;128;White
alto;Huawei;P40;8;256;Silver
médio;Xiaomi;Redmi Note 12;8;128;White
alto;Xiaomi;Shark 4;12;256;Black
médio;Samsung;Galaxy S20;8;128;Pink
muito alto;Samsung;Galaxy Z Fold 3;6;512;Silver
médio;Samsung;Galaxy S20;8;128;Gray
alto;Apple;iPhone 12;4;512;Gold
médio;Samsung;Galaxy A71;6;128;Blue
alto;Samsung;Galaxy A51;4;128;Black
médio;Xiaomi;11 Pro;8;128;Blue
médio;POCO;M5s;4;128;Blue
baixo;Realme;C21Y;4;64;Black
médio;TCL;30;4;128;Black
muito alto;Apple;iPhone 14;6;1000;Black
alto;Samsung;Galaxy S22;6;128;Black
médio;Apple;iPhone 11;4;128;Purple
alto;Motorola;ThinkPhone;8;256;Gold
baixo;TCL;30 SE;4;128;Gray
médio;Cubot;KingKong 7;8;128;Black
muito alto;Apple;iPhone 12;4;256;Gold
muito alto;Apple;iPhone 13;4;256;Silver
muito alto;Samsung;Galaxy Z Flip3;8;256;Purple
muito alto;Samsung;Galaxy Note 20;8;256;Bronze
alto;Xiaomi;Shark 4;8;128;Black
alto;OnePlus;7;6;12;Blue
alto;Samsung;Galaxy A53;8;256;Black
muito alto;Apple;iPhone 13;4;128;Green
baixo;Samsung;Galaxy A13;4;64;White
muito alto;Samsung;Galaxy Z Flip4;8;256;Purple
alto;Nothing;Phone (1);8;256;White
alto;Samsung;Galaxy S22;6;128;Pink
alto;Xiaomi;Mi 11;8;256;Gray
baixo;Xiaomi;Redmi 9C;4;128;Green
alto;Samsung;S10+;6;128;Black
baixo;Cubot;P60;6;128;White
médio;Samsung;Galaxy S20;12;128;Black
baixo;Xiaomi;Redmi 9AT;2;32;Blue
médio;Realme;7;8;128;Silver
baixo;Nokia;G11;3;32;Black
médio;Motorola;Edge 20;8;128;Green
alto;Samsung;Galaxy S20;12;128;Blue
baixo;Samsung;Galaxy A50;4;128;Blue
alto;Samsung;Galaxy A71;6;128;Black
alto;Samsung;Galaxy XCover6;6;128;Black
baixo;ZTE;Blade A31;2;32;Blue
baixo;SPC;Smart Ultimate;3;64;Black
baixo;Ulefone;Armor 8;8;128;Red
médio;Samsung;Galaxy A23;4;128;White
alto;Samsung;Galaxy S20;12;128;Gray
médio;Xiaomi;11 Pro;6;128;Gray
médio;Xiaomi;Mi 10T;6;128;Gray
médio;Huawei;P30;6;128;Blue
médio;Samsung;Galaxy A71;6;128;Silver
alto;Samsung;Galaxy Note 10;6;256;Black
baixo;TCL;305i;2;32;Blue
muito alto;Apple;iPhone 12;4;256;Black
alto;Samsung;Galaxy S21;8;256;Green
alto;OPPO;X3;12;256;Silver
alto;Apple;iPhone 12;4;512;Black
alto;Samsung;Galaxy Z Flip4;8;128;Blue
médio;Realme;GT Master Edition;6;128;Gray
alto;Apple;iPhone SE;3;64;White
baixo;Vivo;Y21s;4;128;Blue
alto;Realme;GT2;12;256;Green
alto;Samsung;Galaxy S10;8;128;White
baixo;Ulefone;X11 Pro;4;64;Black
baixo;Xiaomi;Redmi 10A;2;32;Blue
baixo;Samsung;Galaxy A40;4;64;White
baixo;Samsung;Galaxy A40;4;64;Black
alto;Xiaomi;12;8;128;Black
baixo;Xiaomi;Redmi 10C;4;64;Blue
alto;Samsung;Galaxy S22;6;128;Purple
médio;Xiaomi;11 Lite;8;128;Blue
alto;Samsung;Galaxy S21;6;128;Blue
alto;Xiaomi;13;8;256;Blue
baixo;Honor;X8;6;128;Black
médio;Realme;9i;4;128;Black
baixo;Cubot;Pocket;4;64;Red
baixo;SPC;Smart 3;3;32;Turquoise
alto;Nothing;Phone (1);8;128;Black
alto;Xiaomi;Mi 9;6;128;Blue
alto;Apple;iPhone 12;4;512;Blue
baixo;Huawei;P30;4;128;Crystal
médio;OPPO;A74;6;128;Blue
médio;Samsung;Galaxy A51;4;128;White
médio;Samsung;Galaxy M13;4;128;Orange
médio;OPPO;A77;6;128;Blue
médio;OnePlus;Nord;8;128;Black
alto;Apple;iPhone SE;3;64;Black
médio;Xiaomi;Mi 11;8;128;Green
alto;Motorola;Edge 30;12;256;Blue
médio;OPPO;X3;8;128;Blue
baixo;Ulefone;Armor X6;2;16;Orange
muito alto;OPPO;X3;12;256;Blue
baixo;Cubot;King Kong Mini 3;6;128;Black
médio;Realme;X2;8;128;White
médio;Samsung;Galaxy A33;6;128;Orange
médio;Realme;GT;8;128;Blue
alto;Samsung;Galaxy S22;6;128;White
médio;Huawei;P30;4;128;Blue
médio;Samsung;Galaxy A52s;6;128;White
alto;Xiaomi;12;8;128;Green
baixo;Ulefone;Armor X9;4;64;Green
médio;Motorola;One Vision;4;128;Blue
baixo;Samsung;Galaxy A51;4;128;Blue
alto;Samsung;Galaxy S20;6;128;Green
baixo;Xiaomi;Redmi Note 5;6;64;Gold
médio;Apple;iPhone XR;3;128;Blue
baixo;Cubot;Pocket;4;64;Black
médio;OPPO;A76;4;128;Blue
alto;Samsung;Galaxy A52;6;128;Purple
baixo;Xiaomi;Redmi 10A;2;32;Silver
alto;CAT;S53;6;128;Black
alto;Samsung;Galaxy S21;6;128;Pink
baixo;TCL;403;2;32;Black
alto;Samsung;Galaxy S21;6;128;Silver
baixo;Samsung;Galaxy A10;2;32;Black
médio;Xiaomi;M5s;4;128;Blue
baixo;Apple;iPhone 7;2;32;Silver
médio;Xiaomi;Redmi Note 9;4;128;Green
alto;Huawei;P50;8;256;Gold
médio;Motorola;Moto G42;6;128;Green
médio;Realme;9 Pro;6;128;Black
baixo;Realme;C35;4;64;Green
muito alto;Samsung;Galaxy S22;12;256;Red
médio;Xiaomi;X3;6;128;Black
muito alto;Samsung;Galaxy S21;6;256;Pink
médio;Realme;7;8;128;Blue
muito alto;Apple;iPhone 14;6;512;Yellow
baixo;Motorola;Moto E32;4;64;Gray
muito alto;Motorola;Razr 2022;8;256;Black
médio;Realme;8I;4;128;Purple
médio;Realme;9;8;128;Black
médio;Realme;C25Y;4;128;Blue
médio;Xiaomi;Mi Note 10;6;128;White
baixo;Xiaomi;Redmi Note 10;6;64;Blue
baixo;Xiaomi;Redmi Note 8T;4;64;Gray
baixo;Xiaomi;9 Pro;6;128;Gray
alto;Apple;iPhone 13;4;256;Red
muito alto;Samsung;Galaxy S20;12;128;Pink
alto;Xiaomi;13;8;256;Black
médio;Motorola;Edge 30;8;128;Gold
baixo;POCO;M5s;4;64;Blue
baixo;Realme;C21Y;4;64;Blue
baixo;POCO;C40;4;64;Green
alto;Xiaomi;Mi 10T;8;128;Silver
médio;Samsung;S10+;6;128;Black
médio;Huawei;P30;6;128;Crystal
baixo;OPPO;A16;3;32;Black
alto;Samsung;Galaxy S22;6;128;Green
médio;Vivo;Y72;8;128;White
alto;Xiaomi;Mi 11;8;256;Blue
médio;Realme;C25Y;4;128;Black
alto;Ulefone;Power Armor 19;12;256;Black
médio;Hammer;Explorer;6;128;Orange
médio;Samsung;Galaxy A22;4;128;Gray
baixo;Samsung;Galaxy A50;4;128;White
alto;Xiaomi;11T;8;256;Blue
alto;Huawei;Nova 10;8;128;Black
baixo;Motorola;Moto G31;4;64;Gray
baixo;Motorola;Moto G6;3;32;Blue
baixo;Qubo;X-626;4;64;Blue
baixo;Samsung;Galaxy A04s;3;32;Green
baixo;Samsung;Galaxy A70;6;128;Blue
muito alto;Apple;iPhone 12;4;256;White
médio;Honor;Magic 4;6;128;Black
baixo;Honor;X8a;6;128;Black
baixo;Blackview;A60;3;16;Black
baixo;SPC;Discovery;3;64;Black
baixo;Ulefone;Armor 8;8;128;Black
médio;Realme;9 Pro;6;128;Green
baixo;Ulefone;Armor X6;2;16;Black
alto;CAT;S75;6;128;Black
baixo;Honor;X6;4;64;Black
médio;Xiaomi;M5s;4;128;White
baixo;SPC;Smart 2;1;16;Red
médio;Xiaomi;Redmi Note 11;6;128;Blue
alto;Samsung;Galaxy A42;4;128;Black
baixo;Cubot;Note 8;2;16;Green
alto;Samsung;Galaxy S21;8;256;White
médio;Huawei;Nova 9;8;128;Black
baixo;Cubot;J20;2;16;Black
médio;Motorola;Moto G31;4;128;Gray
baixo;Samsung;Galaxy A04s;3;32;White
baixo;Samsung;Galaxy A13;3;32;White
muito alto;Samsung;Galaxy Note 20;8;256;Gray
alto;Samsung;Galaxy S20;6;128;Orange
alto;Apple;11 Pro;4;512;Gray
alto;Samsung;Galaxy A53;8;256;White
baixo;Xiaomi;Mi 10T;6;128;Silver
alto;Xiaomi;12;8;128;Purple
baixo;Xiaomi;Redmi 10A;4;128;Blue
alto;Apple;11 Pro;4;256;Gold
alto;Apple;iPhone SE;3;256;Black
médio;Apple;iPhone XR;3;128;Pink
alto;OnePlus;8T;8;128;Green
médio;Vivo;Y33s;8;128;Blue
alto;Apple;iPhone 12;4;256;White
médio;Huawei;P Smart 2020;4;128;Black
médio;Realme;X50;6;128;Green
baixo;Xiaomi;Redmi 12C;3;32;Gray
médio;Apple;iPhone 11;4;128;Yellow
alto;Asus;ROG Phone 5;12;256;Black
médio;Huawei;P30;6;128;Black
médio;Huawei;P30;4;128;Black
alto;OnePlus;9 Pro;8;128;Black
baixo;CAT;B35;6;4;Black
médio;Huawei;8I;6;128;Black
alto;POCO;F4;8;128;Black
médio;Realme;X2;8;128;Blue
alto;Samsung;Galaxy Z Flip4;8;512;Gray
alto;Ulefone;Power Armor 18T;12;256;Black
alto;Motorola;Edge 20;12;256;Blue
baixo;Cubot;King Kong 6;4;64;Black
alto;Xiaomi;Shark 4;8;128;Gray
médio;Honor;70;4;128;Black
alto;Samsung;Galaxy S20;8;128;Blue
alto;Samsung;Galaxy S21;6;128;White
baixo;Xiaomi;Redmi Note 8T;3;32;Blue
alto;OPPO;Reno4;12;256;Black
baixo;Samsung;Galaxy A13;4;64;Blue
alto;Xiaomi;12T;8;128;Black
baixo;OPPO;Reno2 Z;8;128;Black
alto;Microsoft;Surface Duo;6;256;White
médio;Realme;9 Pro;6;128;Blue
baixo;Realme;C21Y;3;32;Blue
baixo;Realme;C21Y;3;32;Black
baixo;Realme;C31;3;32;Green
médio;Samsung;Galaxy A12;6;128;Black
baixo;Samsung;Galaxy M12;6;64;Black
alto;Samsung;S10+;6;512;Black
muito alto;Samsung;Galaxy S21;6;256;Silver
baixo;Vivo;Y01;3;32;Black
baixo;Xiaomi;Mi A2;3;32;Gold
médio;Xiaomi;Redmi 10;4;128;Blue
médio;Xiaomi;Redmi Note 10;4;128;White
alto;Xiaomi;11 Pro;6;128;Gray
médio;Xiaomi;Redmi Note 11S;6;128;Black
médio;Realme;8;6;128;Black
alto;Xiaomi;Shark 5;8;128;Gray
baixo;Honor;X6;4;64;Blue
médio;Xiaomi;9T;4;128;Blue
médio;OPPO;X2;8;128;Black
alto;Samsung;Galaxy Z Flip4;8;256;Gray
alto;Samsung;Galaxy S22;6;256;Purple
médio;OPPO;A94;8;128;Black
médio;Realme;C35;4;128;Black
alto;Samsung;Galaxy S21;6;512;Black
médio;Blackview;BL5000;8;128;Orange
médio;Huawei;P40;6;128;Green
médio;Realme;8;8;128;Blue
baixo;Realme;C33;4;64;Black
muito alto;Samsung;Galaxy S22;6;256;Black
médio;Xiaomi;11 Lite;8;128;Black
alto;Xiaomi;Mi 9;6;128;Black
médio;Xiaomi;Redmi Note 10;8;128;Gray
médio;Realme;8;6;128;Blue
muito alto;Apple;iPhone 13;4;128;Black
muito alto;Apple;iPhone 13;4;1000;Blue
baixo;Huawei;P30;4;128;White
baixo;Samsung;Galaxy A20e;3;32;Blue
médio;Samsung;Galaxy A50;4;128;Blue
baixo;Samsung;Galaxy A70;6;128;Black
médio;Samsung;Galaxy S20;6;128;Green
muito alto;Apple;iPhone 12;4;256;Green
médio;Samsung;Galaxy A13;4;128;White
alto;Samsung;Galaxy Z Flip4;8;128;Pink
alto;Huawei;P30;8;128;Blue
alto;Realme;X50 Pro;8;128;Green
médio;Xiaomi;Mi 10T;8;128;Black
médio;Vivo;Y72;8;128;Black
baixo;ZTE;Blade A52;2;32;Green
baixo;Cubot;King Kong Mini 2;3;32;Red
alto;Samsung;Galaxy A53;8;256;Blue
alto;Samsung;Galaxy S21;6;512;Silver
muito alto;Vivo;X90;12;256;Black
alto;Xiaomi;9T;6;128;Black
médio;Huawei;P40;6;128;Black
alto;Xiaomi;11T Pro;8;128;Blue
alto;Xiaomi;12X;8;256;Blue
baixo;OPPO;A57;4;64;Black
médio;OPPO;Reno6;8;128;Blue
alto;Apple;iPhone 11;4;256;Green
alto;Honor;Magic4;8;256;Black
alto;OPPO;Reno4;8;128;Black
alto;OnePlus;9;12;256;Black
baixo;OPPO;A53s;4;128;Black
baixo;Realme;C30;3;32;Black
baixo;Ulefone;X5 Pro;4;64;Black
baixo;Xiaomi;Redmi Note 9;3;64;Gray
baixo;Samsung;Galaxy A21s;3;32;Black
alto;Huawei;Nova 10;8;128;Silver
alto;Huawei;P30;8;128;Crystal
baixo;OPPO;A16s;4;64;Blue
alto;Samsung;Galaxy S20;6;128;White
muito alto;Samsung;Galaxy Z Fold3;6;256;Silver
baixo;Apple;iPhone 7;2;128;Pink
muito alto;Samsung;Galaxy Z Flip3;8;128;Black
médio;Ulefone;Power Armor 14;6;128;Black
alto;Xiaomi;Mi 10T;8;256;Silver
médio;Xiaomi;Mi Note 10;6;128;Green
médio;OPPO;A96;8;128;Blue
baixo;Samsung;Galaxy A12;6;64;White
médio;Xiaomi;11 Pro;6;128;White
alto;Apple;iPhone 11;4;256;Purple
alto;Apple;11 Pro;4;512;Gold
alto;Apple;11 Pro;4;512;Silver
alto;Apple;11 Pro;4;64;Gold
muito alto;Apple;iPhone 13;4;512;Gold
baixo;Apple;iPhone 7;2;128;Silver
baixo;Apple;iPhone 7;2;32;Gold
médio;Apple;iPhone SE;3;128;Red
baixo;Huawei;P Smart 2019;6;3;Blue
médio;OnePlus;6;8;128;Black
alto;OnePlus;8;8;128;Black
muito alto;Samsung;Galaxy A12;6;64;Black
baixo;Samsung;Galaxy A12;6;64;Blue
baixo;Samsung;Galaxy A40;4;64;Blue
médio;Samsung;Galaxy A52s;6;128;Purple
alto;Samsung;Note 8;6;64;Gold
médio;Xiaomi;10;8;128;Gray
médio;Xiaomi;10;6;128;Blue
médio;Xiaomi;10;6;128;Gray
médio;Xiaomi;9 Pro;6;128;Green
muito alto;Apple;iPhone 13;4;1000;Black
baixo;Apple;iPhone 7;2;32;Pink
muito alto;Nokia;5.4;4;64;Black
alto;OnePlus;7;6;8;Blue
alto;OnePlus;7T;8;128;Blue
médio;OPPO;X2;8;128;White
muito alto;Samsung;Galaxy A12;6;64;Blue
baixo;Samsung;Galaxy A21s;3;32;Blue
médio;Samsung;Galaxy S20;12;128;White
baixo;Xiaomi;Redmi Note 10;4;128;Gray
baixo;Nokia;C2;2;32;Blue
muito alto;Asus;ZenFone 9;8;128;Black
baixo;Alcatel;1B;2;32;Black
baixo;BQ;Aquaris C;6;2;Black
médio;Xiaomi;Shark 4;8;128;Black
médio;Blackview;A100;6;128;Blue
baixo;Blackview;A100;6;128;Black
médio;Blackview;A100;6;128;Pink
baixo;Blackview;A100;6;128;Green
baixo;Blackview;A55;3;16;Blue
baixo;Blackview;A55;3;16;Black
baixo;Blackview;A55;3;16;Green
baixo;Blackview;A55;4;64;Black
baixo;Blackview;A70;3;32;Black
baixo;Blackview;A80;2;16;Black
baixo;Blackview;A80;2;16;Red
baixo;Blackview;A90;4;64;Blue
baixo;Blackview;A90;4;64;Black
baixo;Blackview;A90;4;64;Orange
médio;Blackview;BL5000;8;128;Black
médio;Blackview;BV6300;6;128;Green
médio;Blackview;BV9900E;6;128;Black
baixo;Blackview;BV4900;6;4;Orange
alto;Crosscall;Action-X5;4;64;Black
alto;Crosscall;CORE-X5;4;64;Black
baixo;Cubot;J20;2;16;Green
baixo;Cubot;King Kong 5;4;32;Black
baixo;Cubot;King Kong Mini 2;4;64;Red
baixo;Cubot;Max 3;4;64;Green
baixo;Cubot;Note 30;4;64;Black
baixo;Cubot;Note 30;4;64;Green
baixo;Cubot;Note 8;2;16;Black
baixo;Cubot;Note 9;3;32;Black
baixo;Cubot;Note 9;3;32;Green
baixo;Cubot;P50;6;128;Black
baixo;Cubot;P50;6;128;Green
baixo;Cubot;P60;6;128;Black
baixo;Cubot;Pocket;4;64;Green
baixo;Doro;8050;6;16;Gray
alto;Fairphone;3+;6;4;Black
baixo;Gigaset;GS195LS;2;32;Black
baixo;Google;Pixel 3a;4;64;Black
médio;Hammer;Construction;6;128;Black
baixo;Hammer;Energy 2;3;32;Orange
baixo;Hammer;Energy 2;3;32;Black
alto;Hammer;Explorer;3;32;Orange
baixo;Hammer;Iron 3;3;32;Orange
baixo;Hammer;Iron 3;3;32;Black
baixo;Hammer;Extreme;3;32;Orange
baixo;Hammer;Extreme;3;32;Black
baixo;Hammer;Iron 4;4;32;Orange
baixo;Hammer;Iron 4;4;32;Gray
alto;Hammer;MyPhone Blade;6;128;Black
médio;Honor;20;4;128;Black
alto;Honor;70;8;128;Black
médio;Honor;70;8;128;Green
médio;Honor;Magic4;6;128;Blue
muito alto;Honor;Magic4;8;256;Turquoise
médio;Honor;Magic5;6;128;Black
médio;Honor;View 20;6;128;Blue
médio;Honor;X7;4;128;Blue
médio;Honor;X7a;4;128;Black
médio;Honor;X7a;4;128;Blue
baixo;Honor;X7a;4;128;Silver
médio;Honor;X8;6;128;Blue
alto;Huawei;Mate 30;8;256;Black
alto;Huawei;Nova 5T;6;128;Black
alto;Huawei;Nova 5T;6;128;Blue
médio;Huawei;P Smart 2020;4;128;Green
médio;Huawei;P Smart;4;128;Black
médio;Huawei;P Smart;4;128;Green
baixo;Huawei;P Smart;3;64;Black
médio;Huawei;P20;4;128;Black
alto;Huawei;P30;6;256;Crystal
médio;Huawei;P30;8;128;Blue
muito alto;Huawei;P30;8;256;Silver
alto;Huawei;P40;8;128;Gold
alto;Huawei;P40;8;128;Black
alto;Huawei;P40;8;128;Silver
alto;Huawei;P40;6;128;Black
médio;Huawei;P40;6;128;Silver
médio;Huawei;P40;6;128;Pink
alto;Huawei;P40;8;256;Gold
baixo;Huawei;Y6;2;32;Brown
baixo;Huawei;Y6;2;32;Black
alto;LG;V40 ThinQ;6;128;Blue
baixo;Maxcom;MS572;3;32;Black
médio;Motorola;Edge 20;8;128;Gray
médio;Motorola;Edge 20;6;128;Gray
médio;Motorola;Moto G31;4;128;Blue
médio;Motorola;Moto G32;4;128;Gray
baixo;Motorola;Moto G41;4;128;Black
médio;Motorola;Moto G41;6;128;Black
médio;Motorola;Moto G42;4;128;Pink
médio;Motorola;Moto G51;4;128;Blue
médio;Motorola;Moto G62;6;128;Gray
alto;Motorola;Razr 5G;8;256;Black
baixo;Nokia;C20;2;32;Blue
baixo;Nokia;C21;2;32;Gray
baixo;Nokia;C31;4;64;Gray
baixo;Nokia;G10;3;32;Blue
médio;Nokia;X10;4;128;Green
baixo;OPPO;A16;3;32;Blue
baixo;OPPO;A16;4;64;Black
baixo;OPPO;A77;4;64;Blue
médio;OPPO;A77;6;128;Black
alto;OPPO;Reno6;12;256;Gray
alto;OnePlus;9;8;128;Blue
alto;OnePlus;9 Pro;12;256;Black
médio;OPPO;A54s;4;128;Blue
médio;OPPO;A94;8;128;Blue
alto;OPPO;X2;12;512;Orange
alto;OPPO;Reno4;8;128;Blue
médio;OPPO;Reno4;8;128;White
médio;OPPO;Reno4;8;128;Black
baixo;POCO;M5;4;64;Green
médio;Xiaomi;M5s;4;128;Black
médio;POCO;X4;8;128;Silver
baixo;Qubo;P-668;4;64;Blue
baixo;Qubo;X-626;2;32;Blue
baixo;Realme;6;6;128;Blue
médio;Realme;6;8;128;Blue
baixo;Realme;6i;4;128;Green
médio;Realme;8;6;128;Silver
médio;Realme;9;6;128;White
médio;Realme;9;8;128;White
médio;Realme;9;8;128;Gold
baixo;Realme;C11;2;32;Gray
baixo;Realme;C11;2;32;Blue
baixo;Realme;C11;4;64;Gray
baixo;Realme;C21;4;64;Black
baixo;Realme;C21;4;64;Blue
baixo;Realme;C31;3;32;Silver
baixo;Realme;C33;4;64;Gold
baixo;Realme;C35;4;64;Black
médio;Realme;C55;6;128;Black
médio;Realme;GT;8;128;Silver
alto;Realme;GT Neo 3;8;256;Blue
alto;Realme;GT Neo 3;8;256;White
médio;Realme;Narzo 30;4;128;Blue
alto;Realme;X50 Pro;8;256;Green
baixo;SPC;Discovery;3;128;Blue
baixo;SPC;Smart 2;1;16;Gray
baixo;SPC;Smart 3;3;32;Gray
baixo;SPC;Smart Max 2;6;16;Turquoise
baixo;Samsung;Galaxy A03;4;64;Black
médio;Samsung;Galaxy A12;6;128;Blue
médio;Samsung;Galaxy A13;4;128;Blue
médio;Samsung;Galaxy A31;4;128;Black
médio;Samsung;Galaxy A33;6;128;White
médio;Samsung;Galaxy A42;4;128;Gray
alto;Samsung;Galaxy A51;4;128;Silver
médio;Samsung;Galaxy A51;6;128;Pink
médio;Samsung;Galaxy A52s;6;128;Green
alto;Samsung;Galaxy A53;8;256;Orange
médio;Samsung;Galaxy A70;6;128;Pink
alto;Samsung;A90;6;128;Black
médio;Samsung;Galaxy M32;6;128;White
médio;Samsung;Galaxy M53;6;128;Brown
alto;Samsung;Galaxy Note 10;6;256;Pink
alto;Samsung;Galaxy Note 20;8;256;Gray
alto;Samsung;Note 9;6;128;Black
alto;Samsung;S10+;6;128;Green
alto;Samsung;S10+;6;512;White
muito alto;Samsung;Galaxy S20;12;128;Gray
alto;Samsung;Galaxy S20;8;128;Gray
alto;Samsung;Galaxy S21;8;128;Gray
médio;Samsung;Galaxy S21;6;128;Green
alto;Samsung;Galaxy S22;6;256;White
alto;Samsung;Galaxy S22;8;128;Pink
alto;Samsung;Galaxy S22;8;256;White
muito alto;Samsung;Galaxy S22;12;512;Black
muito alto;Samsung;Galaxy S22;12;512;Green
alto;Samsung;Galaxy S23;6;256;Green
alto;Samsung;Galaxy S23;6;256;Black
muito alto;Samsung;Galaxy S23;6;1000;Green
alto;Samsung;Z Flip;8;256;Black
alto;Samsung;Galaxy Z Flip3;8;128;White
alto;Samsung;Galaxy Z Flip3;8;128;Black
alto;Samsung;Galaxy Z Flip3;8;256;White
muito alto;Samsung;Galaxy Z Flip3;8;256;Black
alto;Samsung;Galaxy Z Flip4;8;128;Gray
muito alto;Samsung;Galaxy Z Flip4;8;128;Purple
muito alto;Samsung;Galaxy Z Flip4;8;128;Pink
alto;Samsung;Galaxy Z Flip4;8;256;Pink
muito alto;Samsung;Galaxy Z Flip4;8;512;Blue
muito alto;Samsung;Galaxy Z Flip4;8;512;Gray
muito alto;Samsung;Galaxy Z Fold3;6;512;Black
baixo;Sony;Xperia L1;6;16;White
baixo;Swissvoice;S510-M;2;16;Black
médio;TCL;10;6;128;Blue
médio;TCL;10;6;128;Gray
alto;TCL;10;6;128;Gray
alto;TCL;20;6;256;Gray
baixo;TCL;205;2;32;Blue
baixo;TCL;205;2;32;Gray
médio;TCL;20L;4;128;Black
baixo;TCL;30E;3;64;Blue
alto;Ulefone;11T;8;256;Black
baixo;Ulefone;Armor 8;4;64;Black
baixo;Ulefone;X5;3;32;Red
baixo;Ulefone;X5 Pro;4;64;Orange
baixo;Ulefone;X5 Pro;4;64;Red
baixo;Ulefone;X7;4;32;Black
baixo;Ulefone;Armor X9;4;64;Black
baixo;Ulefone;Note 7;6;16;Green
baixo;Ulefone;Note 8P;2;16;Orange
alto;Ulefone;Power Armor 13;8;256;Black
alto;Vivo;V23;12;256;Black
muito alto;Vivo;X60 Pro;12;256;Blue
baixo;Vivo;Y01;3;32;Blue
baixo;Vivo;Y21;4;64;Blue
baixo;Vivo;Y21;4;64;White
médio;Vivo;Y33s;8;128;Black
médio;Vivo;Y52;4;128;Black
médio;Xiaomi;11T;8;128;White
alto;Xiaomi;11T;8;256;White
alto;Xiaomi;11T;8;256;Gray
alto;Xiaomi;11T Pro;8;128;White
muito alto;Xiaomi;11T Pro;8;128;Gray
muito alto;Xiaomi;12;8;256;Purple
alto;Xiaomi;12T;8;128;Blue
alto;Xiaomi;12T;8;128;Silver
baixo;Xiaomi;Mi 10T;6;128;Black
alto;Xiaomi;Mi 10T;6;128;Blue
médio;Xiaomi;Mi 10T;6;128;Pink
médio;Xiaomi;Mi 11;8;128;Black
alto;Xiaomi;Mi 11;12;256;White
médio;Xiaomi;Mi 11i;8;128;Silver
médio;Xiaomi;Mi 9;6;128;Blue
médio;Xiaomi;Mi 9;6;128;White
médio;Xiaomi;Mi 9;6;128;Gray
alto;Xiaomi;Mi MIX 3;6;128;Black
alto;Xiaomi;Mi Mix 2;8;128;White
médio;Xiaomi;Mi Note 10;6;128;Black
alto;Xiaomi;Pack Mi 10;8;128;Gray
médio;Xiaomi;PocoPhone F3;6;128;Blue
baixo;Xiaomi;Redmi 10;4;64;White
baixo;Xiaomi;Redmi 10;4;64;Green
baixo;Xiaomi;Redmi 10A;4;128;Silver
baixo;Xiaomi;Redmi 9C;2;32;Blue
baixo;Xiaomi;Redmi 9C;2;32;Orange
baixo;Xiaomi;Redmi 9C;4;128;Blue
baixo;Xiaomi;Redmi 9C;3;64;Blue
médio;Xiaomi;Redmi Note 10;4;128;Blue
muito alto;Xiaomi;Redmi Note 10;4;128;Gray
médio;Xiaomi;Redmi Note 10;4;128;Green
médio;Xiaomi;Redmi Note 10;6;128;Red
médio;Xiaomi;Note 10S;6;128;Blue
médio;Xiaomi;11 Pro;8;128;White
alto;Xiaomi;11 Pro;6;128;Blue
médio;Xiaomi;11 Pro;6;128;Green
baixo;Xiaomi;Redmi Note 9;3;64;Green
baixo;Xiaomi;Note 9S;4;64;Blue
baixo;ZTE;Blade A31;2;32;Gray
baixo;ZTE;Blade A5;2;32;Blue
baixo;ZTE;Blade A5;2;32;Black
baixo;ZTE;Blade A51;2;32;Gray
baixo;ZTE;Blade A71;3;64;Gray
baixo;ZTE;Blade V30;4;128;Gray
baixo;Realme;7;8;128;White
baixo;Realme;C21;3;32;Blue
baixo;Alcatel;1SE;6;64;Gray
alto;Apple;iPhone 11;4;256;Yellow
alto;Apple;11 Pro;4;512;Green
muito alto;Apple;iPhone 13;4;1000;Gold
muito alto;Apple;iPhone 13;4;1000;Green
baixo;Apple;iPhone 6s;2;32;Gold
baixo;Apple;iPhone 6s;2;32;Pink
baixo;Apple;iPhone 6s;2;32;Gray
baixo;Apple;iPhone 6s;2;32;Silver
baixo;Apple;iPhone 7;2;128;Gold
alto;Crosscall;X4;4;64;Black
alto;Lenovo;Legion Phone Duel;12;256;Black
alto;Nokia;8.3;8;128;Black
alto;OPPO;X5 Pro;12;256;White
alto;OnePlus;6T;6;8;Black
alto;OnePlus;7;6;8;Gray
muito alto;OPPO;A91;8;128;Blue
baixo;OPPO;Reno2 Z;8;128;White
médio;Realme;9;6;128;Gold
baixo;Samsung;Galaxy A10;2;32;Red
médio;Samsung;Galaxy A32;4;128;Blue
baixo;Samsung;Galaxy A50;4;128;Pink
médio;Samsung;Galaxy A52;6;128;Purple
médio;Samsung;Galaxy A52;6;128;White
médio;Samsung;A80;8;128;Black
médio;Samsung;Galaxy Note 10;6;128;Red
médio;Samsung;Note 9;6;128;Purple
médio;Samsung;Galaxy S10;6;128;Black
médio;Samsung;Galaxy S10;8;128;Blue
médio;Samsung;Galaxy S10;8;128;White
alto;Samsung;Galaxy S22;6;512;Red
muito alto;Samsung;Galaxy S22;6;512;Black
baixo;Samsung;Galaxy S8;6;64;Gray
muito alto;Samsung;Galaxy Z Flip3;6;128;White
muito alto;Samsung;Galaxy Z Flip3;6;128;Green
muito alto;Samsung;Galaxy Z Flip3;6;256;Purple
alto;Samsung;Galaxy Z Flip3;8;128;Green
muito alto;Xiaomi;11 Lite;8;128;White
médio;Xiaomi;Mi Note 10;6;128;Purple
baixo;Xiaomi;X3;6;128;Blue
médio;Xiaomi;Pocophone F2;6;128;Blue
baixo;Xiaomi;Redmi 9;3;32;Gray
baixo;Xiaomi;9T;4;64;Green
médio;Xiaomi;Redmi Note 8;4;128;Black
médio;Xiaomi;Redmi Note 8T;4;128;Blue
médio;Xiaomi;Redmi Note 9;4;128;White
médio;Xiaomi;Note 9S;6;128;Gray
muito alto;Apple;iPhone 15;;128;Black
alto;Google;Pixel 8a;8;128;Black
alto;Xiaomi;Redmi Note 13 Pro+;12;512;White
alto;Motorola;Edge 50 Pro;12;512;Purple
muito alto;Apple;iPhone 15 Pro Max;4;1024;White
médio;Nothing;Phone (2) Black Edition;8;128;Blue
alto;Apple;iPhone 15 Pro;8;512;Yellow
alto;Google;Pixel Fold;6;256;Blue
alto;OnePlus;Nord CE4;12;256;Purple
médio;Google;Pixel Fold;8;128;Orange
muito alto;Google;Pixel 8 Pro;8;1024;Blue
muito alto;Nothing;Phone (2a) Special;6;1024;Gray
alto;Realme;Realme 12+;6;512;Orange
alto;OnePlus;OnePlus 12;6;512;Black
muito alto;Realme;Realme Narzo 70;12;1024;Gray
muito alto;Xiaomi;Redmi Note 13;8;1024;Yellow
muito alto;Honor;Honor 200 Lite;4;1024;Red
muito alto;OnePlus;OnePlus 12;4;1024;White
alto;Xiaomi;Poco X6 Pro;12;256;Blue
alto;Motorola;Moto G24;6;256;Black
médio;OPPO;Find X7;8;128;Yellow
muito alto;OnePlus;Nord CE4;12;512;Blue
médio;Google;Pixel 7a;4;128;Yellow
alto;Xiaomi;Xiaomi 14;4;256;Blue
alto;Realme;Realme Narzo 70;4;512;White
alto;Motorola;Edge 50 Fusion;4;256;Orange
muito alto;Nothing;Phone (2) Black Edition;4;1024;Red
médio;Xiaomi;Redmi Note 13;4;128;Blue
muito alto;Realme;Realme 12+;4;1024;Black
muito alto;OnePlus;Nord CE4;12;512;Orange
alto;Nothing;Phone (2) Black Edition;12;256;Green
alto;Honor;Honor 200 Lite;4;512;Gray
médio;OPPO;Find X7;4;128;Green
médio;Realme;Realme 12+;8;128;Yellow
muito alto;OnePlus;Nord CE4;8;1024;Purple
alto;Samsung;Galaxy S24;8;128;Onyx Black
alto;Samsung;Galaxy S24;8;256;Onyx Black
muito alto;Samsung;Galaxy S24 Plus;12;256;Onyx Black
muito alto;Samsung;Galaxy S24 Ultra;12;256;Titanium Black
muito alto;Samsung;Galaxy S24 Ultra;12;512;Titanium Black
médio;Samsung;Galaxy A56 5G;8;128;Awesome Graphite
muito alto;Xiaomi;Xiaomi 14;12;512;Black
alto;Xiaomi;Xiaomi 14T Pro;12;256;Black
alto;Google;Pixel 8a;8;128;Bay
muito alto;Google;Pixel 8a;8;128;Obsidian
alto;Samsung;Galaxy A56 5G;8;256;Awesome Lightgray
alto;Google;Pixel 8a;8;128;Obsidian
muito alto;Google;Pixel 8 Pro;12;512;Obsidian
alto;Samsung;Galaxy S24;8;128;Marble Gray
alto;Xiaomi;Xiaomi 14;12;512;Black
alto;Samsung;Galaxy A56 5G;12;256;Awesome Lightgray
muito alto;Google;Pixel 8a;8;128;Bay
muito alto;Google;Pixel 8 Pro;12;128;Obsidian
alto;Samsung;Galaxy A56 5G;8;128;Awesome Lightgray
alto;Xiaomi;Xiaomi 14;12;256;Black
muito alto;Google;Pixel 8 Pro;12;512;Porcelain
alto;Samsung;Galaxy A56 5G;12;128;Awesome Lightgray
muito alto;Samsung;Galaxy S24 Ultra;12;1024;Titanium Gray
muito alto;Google;Pixel 8 Pro;12;256;Porcelain
muito alto;Xiaomi;Xiaomi 14;12;256;Green
muito alto;Apple;iPhone 15 Pro;8;512;Black Titanium
muito alto;Samsung;Galaxy S24 Ultra;12;512;Titanium Gray
alto;Samsung;Galaxy A56 5G;8;128;Awesome Graphite
alto;Samsung;Galaxy A56 5G;12;256;Awesome Graphite
alto;Samsung;Galaxy A56 5G;12;128;Awesome Graphite
alto;OnePlus;12;12;512;Flowy Emerald
muito alto;Samsung;Galaxy S24 Ultra;12;1024;Titanium Black
muito alto;Apple;iPhone 15 Pro;8;1024;Blue Titanium
muito alto;Apple;iPhone 15 Pro;8;256;Blue Titanium
alto;Samsung;Galaxy S24 Plus;12;256;Onyx Black
alto;Samsung;Galaxy S24;8;256;Marble Gray
muito alto;Google;Pixel 8 Pro;12;128;Porcelain
muito alto;Xiaomi;Xiaomi 14T Pro;12;512;Black
alto;Samsung;Galaxy A56 5G;8;256;Awesome Graphite
muito alto;Apple;iPhone 15 Pro;8;512;Blue Titanium
muito alto;Apple;iPhone 15 Pro;8;128;Black Titanium
muito alto;Apple;iPhone 15 Pro;8;1024;Black Titanium
alto;OnePlus;12;12;256;Silky Black
muito alto;Samsung;Galaxy S24 Ultra;12;256;Titanium Gray
